experiment,hidden1,hidden2,learning_rate,weight_decay,batch_size,epochs,val_rmse
8,32,16,0.001,0.0001,16,100,0.21678475182806214
5,32,16,0.002,0.0001,32,100,0.3421697598914593
2,64,32,0.001,0.0001,32,100,0.8957428036272125
3,128,64,0.001,0.0001,32,100,0.9633504763786115
1,32,16,0.001,0.0001,32,100,0.9939088682425954
7,32,16,0.001,0.001,32,100,1.2343383976784974
6,32,16,0.001,1e-05,32,100,1.2715130640124566
4,32,16,0.0005,0.0001,32,100,1.3078914750658508
9,32,16,0.001,0.0001,64,100,1.3859492786341325
